# ************************************************************
# Sequel Pro SQL dump
# Version 4541
#
# http://www.sequelpro.com/
# https://github.com/sequelpro/sequelpro
#
# Host: 8.131.233.163 (MySQL 5.7.33)
# Database: firekylin
# Generation Time: 2021-02-09 03:22:56 +0000
# ************************************************************


/*!40101 SET @OLD_CHARACTER_SET_CLIENT=@@CHARACTER_SET_CLIENT */;
/*!40101 SET @OLD_CHARACTER_SET_RESULTS=@@CHARACTER_SET_RESULTS */;
/*!40101 SET @OLD_COLLATION_CONNECTION=@@COLLATION_CONNECTION */;
/*!40101 SET NAMES utf8 */;
/*!40014 SET @OLD_FOREIGN_KEY_CHECKS=@@FOREIGN_KEY_CHECKS, FOREIGN_KEY_CHECKS=0 */;
/*!40101 SET @OLD_SQL_MODE=@@SQL_MODE, SQL_MODE='NO_AUTO_VALUE_ON_ZERO' */;
/*!40111 SET @OLD_SQL_NOTES=@@SQL_NOTES, SQL_NOTES=0 */;


# Dump of table fk_cate
# ------------------------------------------------------------

DROP TABLE IF EXISTS `fk_cate`;

CREATE TABLE `fk_cate` (
  `id` int(10) unsigned NOT NULL AUTO_INCREMENT,
  `name` varchar(255) NOT NULL,
  `pid` int(11) NOT NULL DEFAULT '0',
  `pathname` varchar(255) DEFAULT NULL,
  `options` text,
  PRIMARY KEY (`id`),
  UNIQUE KEY `name` (`name`)
) ENGINE=InnoDB DEFAULT CHARSET=utf8;

LOCK TABLES `fk_cate` WRITE;
/*!40000 ALTER TABLE `fk_cate` DISABLE KEYS */;

INSERT INTO `fk_cate` (`id`, `name`, `pid`, `pathname`, `options`)
VALUES
	(2,'团队介绍',0,'team','{\"cover\":\"/static/upload/20210202/upload_e3f816c5db8e9b3c62c42111b6005a14.png\"}'),
	(7,'关于我们',0,'about','{\"cover\":\"/static/upload/20210202/upload_4a6c5896cd20385ccb9b24f55b932ef8.png\"}'),
	(8,'核心优势',0,'advantage','{\"cover\":\"/static/upload/20210202/upload_5bc04e37d6770325c022d4d0b81a479b.png\"}'),
	(9,'公益事业',0,'public','{\"cover\":\"/static/upload/20210204/upload_f9346d53c846f7c009160e1639eecbc1.png\"}');

/*!40000 ALTER TABLE `fk_cate` ENABLE KEYS */;
UNLOCK TABLES;


# Dump of table fk_options
# ------------------------------------------------------------

DROP TABLE IF EXISTS `fk_options`;

CREATE TABLE `fk_options` (
  `key` varchar(255) NOT NULL DEFAULT '',
  `value` text,
  `desc` varchar(255) DEFAULT NULL,
  PRIMARY KEY (`key`),
  UNIQUE KEY `key` (`key`)
) ENGINE=InnoDB DEFAULT CHARSET=utf8;

LOCK TABLES `fk_options` WRITE;
/*!40000 ALTER TABLE `fk_options` DISABLE KEYS */;

INSERT INTO `fk_options` (`key`, `value`, `desc`)
VALUES
	('analyze_code','','统计代码，可以添加百度统计、Google 统计等'),
	('auto_summary','0','自动摘要。0 为禁用，具体的数字为摘要截取的字符数'),
	('comment','{\"type\":\"duoshuo\",\"name\":\"welefen2013\"}','评论类型'),
	('defaultCategory','2',NULL),
	('description','A Simple & Fast Node Bloging Platform Base On ThinkJS 2.0 & ReactJS & ES6/7','网站描述'),
	('favicon_url','','favicon'),
	('github_blog','welefen/blog','GitHub blog 地址，如果填了则同步到 GitHub 上'),
	('github_url','https://github.com/75team/thinkjs','GitHub 地址'),
	('image_upload',NULL,'图片存放的位置，默认存在放网站上。也可以选择放在七牛或者又拍云等地方'),
	('keywords','中环国信','网站关键字'),
	('logo_url','/static/upload/20210202/upload_ef8c8a7c55a842e26b2c9c7b167fef92.png','logo 地址'),
	('miitbeian','wewww','网站备案号'),
	('navigation','[{\"label\":\"首页\",\"url\":\"/\",\"option\":\"home\",\"key\":\"0\"},{\"label\":\"关于我们\",\"url\":\"/about/\",\"option\":\"about\",\"key\":\"1\"},{\"label\":\"核心优势\",\"url\":\"/advantage/\",\"option\":\"advantage\",\"key\":\"2\"},{\"label\":\"公益事业\",\"url\":\"/public/\",\"option\":\"public\",\"key\":\"4\"},{\"label\":\"团队介绍\",\"url\":\"/team/\",\"option\":\"team\",\"key\":\"3\"}]','导航菜单'),
	('password_salt','firekylin','密码 salt，网站安装的时候随机生成一个'),
	('postsListSize','10','文章一页显示的条数'),
	('push','0','是否允许推送'),
	('push_sites','','推送网站列表'),
	('site_url','http://8.131.233.163','网站地址'),
	('theme','default','主题名称'),
	('title','中环国信','网站标题'),
	('twitter_url','','微博地址'),
	('two_factor_auth','','是否开启二步验证'),
	('upload',NULL,'上传配置，默认为本地，也可以选择七牛或者又拍云'),
	('_r','0.9272003423611033',NULL);

/*!40000 ALTER TABLE `fk_options` ENABLE KEYS */;
UNLOCK TABLES;


# Dump of table fk_post
# ------------------------------------------------------------

DROP TABLE IF EXISTS `fk_post`;

CREATE TABLE `fk_post` (
  `id` int(10) unsigned NOT NULL AUTO_INCREMENT,
  `user_id` int(10) unsigned NOT NULL,
  `type` tinyint(11) NOT NULL DEFAULT '0' COMMENT '0 为文章，1 为页面',
  `status` tinyint(11) NOT NULL DEFAULT '0' COMMENT '0 为草稿，1 为待审核，2 为已拒绝，3 为已经发布',
  `title` varchar(255) NOT NULL,
  `pathname` varchar(255) NOT NULL DEFAULT '' COMMENT 'URL 的 pathname',
  `summary` longtext NOT NULL COMMENT '摘要',
  `markdown_content` longtext NOT NULL,
  `content` longtext CHARACTER SET utf8 COLLATE utf8_bin NOT NULL,
  `allow_comment` tinyint(11) NOT NULL DEFAULT '1' COMMENT '1 为允许， 0 为不允许',
  `create_time` datetime DEFAULT NULL,
  `update_time` datetime NOT NULL,
  `is_public` tinyint(11) NOT NULL DEFAULT '1' COMMENT '1 为公开，0 为不公开',
  `comment_num` int(11) NOT NULL DEFAULT '0',
  `options` text COMMENT '一些选项，JSON 结构',
  PRIMARY KEY (`id`),
  KEY `create_time` (`create_time`)
) ENGINE=InnoDB DEFAULT CHARSET=utf8;

LOCK TABLES `fk_post` WRITE;
/*!40000 ALTER TABLE `fk_post` DISABLE KEYS */;

INSERT INTO `fk_post` (`id`, `user_id`, `type`, `status`, `title`, `pathname`, `summary`, `markdown_content`, `content`, `allow_comment`, `create_time`, `update_time`, `is_public`, `comment_num`, `options`)
VALUES
	(3,1,0,3,'创始人-郭婷婷','test-news1','<p>中环国信创始人、著名投资人、影视出品人、慈善家，在投资领域有着极强的专业性，跻身投资领域十余年，积极拓展政府关系，收获了政府、众多出资人及企业家的信赖，成功投出了三家上市公司。\n积极投身于公益事业，2015年设立郭婷婷奖学金，个人捐款累积高达3000多万元并于2019年取得3A级资质。</p>\n','中环国信创始人、著名投资人、影视出品人、慈善家，在投资领域有着极强的专业性，跻身投资领域十余年，积极拓展政府关系，收获了政府、众多出资人及企业家的信赖，成功投出了三家上市公司。\n积极投身于公益事业，2015年设立郭婷婷奖学金，个人捐款累积高达3000多万元并于2019年取得3A级资质。',X'3C64697620636C6173733D22746F63223E3C2F6469763E3C703EE4B8ADE78EAFE59BBDE4BFA1E5889BE5A78BE4BABAE38081E89197E5908DE68A95E8B584E4BABAE38081E5BDB1E8A786E587BAE59381E4BABAE38081E68588E59684E5AEB6EFBC8CE59CA8E68A95E8B584E9A286E59F9FE69C89E79D80E69E81E5BCBAE79A84E4B893E4B89AE680A7EFBC8CE8B7BBE8BAABE68A95E8B584E9A286E59F9FE58D81E4BD99E5B9B4EFBC8CE7A7AFE69E81E68B93E5B195E694BFE5BA9CE585B3E7B3BBEFBC8CE694B6E88EB7E4BA86E694BFE5BA9CE38081E4BC97E5A49AE587BAE8B584E4BABAE58F8AE4BC81E4B89AE5AEB6E79A84E4BFA1E8B596EFBC8CE68890E58A9FE68A95E587BAE4BA86E4B889E5AEB6E4B88AE5B882E585ACE58FB8E380820AE7A7AFE69E81E68A95E8BAABE4BA8EE585ACE79B8AE4BA8BE4B89AEFBC8C32303135E5B9B4E8AEBEE7AB8BE983ADE5A9B7E5A9B7E5A596E5ADA6E98791EFBC8CE4B8AAE4BABAE68D90E6ACBEE7B4AFE7A7AFE9AB98E8BEBE33303030E5A49AE4B887E58583E5B9B6E4BA8E32303139E5B9B4E58F96E5BE973341E7BAA7E8B584E8B4A8E380823C2F703E0A',1,'2020-12-19 13:11:11','2021-02-04 00:11:50',1,0,'{\"template\":\"\",\"featuredImage\":\"/static/upload/20210204/upload_19f738308790d1bbd6d01b5a26dce2f4.png\",\"push_sites\":[]}'),
	(6,1,0,3,'关于我们','guan-yu-wo-men','<p>让优秀成为改变世界的力量\n中环国信是一家专注于长期结构性价值投资的投资机构，由业界一批深耕行业的价值投资人联合创立。自成立以来，中环国信已在科技创新、企业服务、先进制造、金融科技、文化旅游、生命健康等领域内进行了多项产业整合和投资布局并持续寻找优秀的初创企业，力求精准抓取中国经济转型发展中涌现的投资机会。</p>\n<p>凭借着专业、多元、数据化的投资决策，中环国信深度挖掘并参与投资数十个优质项目，见证了大众点评、京东物流、凯撒旅游等不同领域的公司立足行业头部，同时吸引了数十家顶尖的央企资金、地方政府资金、国内民营实业资本、商业银行投行资金的支持，以强大的资金优势、稳健的资产结构和充沛的经营性现金流，深入到各个领域促进产业蓬勃发展。</p>\n<p>“让优秀的企业真正利于自己、利于别人、利于社会。”是郭婷婷女士与创始人吴彦霖先生创立中环国信的初衷。一直以来，我们秉承着正直与善良、专业与进取，保持一个“医者仁心”态度对待世界的文化价值观，在不断的实践中备受海内外资本和创业者的认可。</p>\n<p>一直在努力，力争让优秀成为改变世界的力量！</p>\n','让优秀成为改变世界的力量\n中环国信是一家专注于长期结构性价值投资的投资机构，由业界一批深耕行业的价值投资人联合创立。自成立以来，中环国信已在科技创新、企业服务、先进制造、金融科技、文化旅游、生命健康等领域内进行了多项产业整合和投资布局并持续寻找优秀的初创企业，力求精准抓取中国经济转型发展中涌现的投资机会。\n\n凭借着专业、多元、数据化的投资决策，中环国信深度挖掘并参与投资数十个优质项目，见证了大众点评、京东物流、凯撒旅游等不同领域的公司立足行业头部，同时吸引了数十家顶尖的央企资金、地方政府资金、国内民营实业资本、商业银行投行资金的支持，以强大的资金优势、稳健的资产结构和充沛的经营性现金流，深入到各个领域促进产业蓬勃发展。\n\n“让优秀的企业真正利于自己、利于别人、利于社会。”是郭婷婷女士与创始人吴彦霖先生创立中环国信的初衷。一直以来，我们秉承着正直与善良、专业与进取，保持一个“医者仁心”态度对待世界的文化价值观，在不断的实践中备受海内外资本和创业者的认可。\n\n一直在努力，力争让优秀成为改变世界的力量！\n',X'3C64697620636C6173733D22746F63223E3C2F6469763E3C703EE8AEA9E4BC98E7A780E68890E4B8BAE694B9E58F98E4B896E7958CE79A84E58A9BE9878F0AE4B8ADE78EAFE59BBDE4BFA1E698AFE4B880E5AEB6E4B893E6B3A8E4BA8EE995BFE69C9FE7BB93E69E84E680A7E4BBB7E580BCE68A95E8B584E79A84E68A95E8B584E69CBAE69E84EFBC8CE794B1E4B89AE7958CE4B880E689B9E6B7B1E88095E8A18CE4B89AE79A84E4BBB7E580BCE68A95E8B584E4BABAE88194E59088E5889BE7AB8BE38082E887AAE68890E7AB8BE4BBA5E69DA5EFBC8CE4B8ADE78EAFE59BBDE4BFA1E5B7B2E59CA8E7A791E68A80E5889BE696B0E38081E4BC81E4B89AE69C8DE58AA1E38081E58588E8BF9BE588B6E980A0E38081E98791E89E8DE7A791E68A80E38081E69687E58C96E69785E6B8B8E38081E7949FE591BDE581A5E5BAB7E7AD89E9A286E59F9FE58685E8BF9BE8A18CE4BA86E5A49AE9A1B9E4BAA7E4B89AE695B4E59088E5928CE68A95E8B584E5B883E5B180E5B9B6E68C81E7BBADE5AFBBE689BEE4BC98E7A780E79A84E5889DE5889BE4BC81E4B89AEFBC8CE58A9BE6B182E7B2BEE58786E68A93E58F96E4B8ADE59BBDE7BB8FE6B58EE8BDACE59E8BE58F91E5B195E4B8ADE6B68CE78EB0E79A84E68A95E8B584E69CBAE4BC9AE380823C2F703E0A3C703EE587ADE5809FE79D80E4B893E4B89AE38081E5A49AE58583E38081E695B0E68DAEE58C96E79A84E68A95E8B584E586B3E7AD96EFBC8CE4B8ADE78EAFE59BBDE4BFA1E6B7B1E5BAA6E68C96E68E98E5B9B6E58F82E4B88EE68A95E8B584E695B0E58D81E4B8AAE4BC98E8B4A8E9A1B9E79BAEEFBC8CE8A781E8AF81E4BA86E5A4A7E4BC97E782B9E8AF84E38081E4BAACE4B89CE789A9E6B581E38081E587AFE69292E69785E6B8B8E7AD89E4B88DE5908CE9A286E59F9FE79A84E585ACE58FB8E7AB8BE8B6B3E8A18CE4B89AE5A4B4E983A8EFBC8CE5908CE697B6E590B8E5BC95E4BA86E695B0E58D81E5AEB6E9A1B6E5B096E79A84E5A4AEE4BC81E8B584E98791E38081E59CB0E696B9E694BFE5BA9CE8B584E98791E38081E59BBDE58685E6B091E890A5E5AE9EE4B89AE8B584E69CACE38081E59586E4B89AE993B6E8A18CE68A95E8A18CE8B584E98791E79A84E694AFE68C81EFBC8CE4BBA5E5BCBAE5A4A7E79A84E8B584E98791E4BC98E58ABFE38081E7A8B3E581A5E79A84E8B584E4BAA7E7BB93E69E84E5928CE58585E6B29BE79A84E7BB8FE890A5E680A7E78EB0E98791E6B581EFBC8CE6B7B1E585A5E588B0E59084E4B8AAE9A286E59F9FE4BF83E8BF9BE4BAA7E4B89AE893ACE58B83E58F91E5B195E380823C2F703E0A3C703EE2809CE8AEA9E4BC98E7A780E79A84E4BC81E4B89AE79C9FE6ADA3E588A9E4BA8EE887AAE5B7B1E38081E588A9E4BA8EE588ABE4BABAE38081E588A9E4BA8EE7A4BEE4BC9AE38082E2809DE698AFE983ADE5A9B7E5A9B7E5A5B3E5A3ABE4B88EE5889BE5A78BE4BABAE590B4E5BDA6E99C96E58588E7949FE5889BE7AB8BE4B8ADE78EAFE59BBDE4BFA1E79A84E5889DE8A1B7E38082E4B880E79BB4E4BBA5E69DA5EFBC8CE68891E4BBACE7A789E689BFE79D80E6ADA3E79BB4E4B88EE59684E889AFE38081E4B893E4B89AE4B88EE8BF9BE58F96EFBC8CE4BF9DE68C81E4B880E4B8AAE2809CE58CBBE88085E4BB81E5BF83E2809DE68081E5BAA6E5AFB9E5BE85E4B896E7958CE79A84E69687E58C96E4BBB7E580BCE8A782EFBC8CE59CA8E4B88DE696ADE79A84E5AE9EE8B7B5E4B8ADE5A487E58F97E6B5B7E58685E5A496E8B584E69CACE5928CE5889BE4B89AE88085E79A84E8AEA4E58FAFE380823C2F703E0A3C703EE4B880E79BB4E59CA8E58AAAE58A9BEFBC8CE58A9BE4BA89E8AEA9E4BC98E7A780E68890E4B8BAE694B9E58F98E4B896E7958CE79A84E58A9BE9878FEFBC813C2F703E0A',1,'2021-01-31 11:56:03','2021-02-08 16:38:51',1,0,'{\"template\":\"\",\"featuredImage\":\"/static/upload/20210131/upload_ca7b7087571e1a8cfa544ed059c39f9b.png\",\"push_sites\":[]}'),
	(7,1,0,3,'创始人-吴彦霖','chuang-shi-ren---wu-yan-lin','<p>中环国信创始人、兰星家族基金创始人、中央统战部欧美同学会陕西分会副秘书长，钟南山创新公益基金会理事、易明慈善基金会理事。\n早年取得哈佛大学心理学学士学位、加拿大多伦多大学医学硕士学位。曾是巴菲特“奥马哈论坛”全球青年领袖、福布斯30under30中国精英。\n在并购投资领域有着独到的眼光与见解，拥有多个协同投资项目案例，在管理好家族企业基础上，正在通过实践成为一名并购投资界的专家。</p>\n','中环国信创始人、兰星家族基金创始人、中央统战部欧美同学会陕西分会副秘书长，钟南山创新公益基金会理事、易明慈善基金会理事。\n早年取得哈佛大学心理学学士学位、加拿大多伦多大学医学硕士学位。曾是巴菲特“奥马哈论坛”全球青年领袖、福布斯30under30中国精英。\n在并购投资领域有着独到的眼光与见解，拥有多个协同投资项目案例，在管理好家族企业基础上，正在通过实践成为一名并购投资界的专家。',X'3C64697620636C6173733D22746F63223E3C2F6469763E3C703EE4B8ADE78EAFE59BBDE4BFA1E5889BE5A78BE4BABAE38081E585B0E6989FE5AEB6E6978FE59FBAE98791E5889BE5A78BE4BABAE38081E4B8ADE5A4AEE7BB9FE68898E983A8E6ACA7E7BE8EE5908CE5ADA6E4BC9AE99995E8A5BFE58886E4BC9AE589AFE7A798E4B9A6E995BFEFBC8CE9929FE58D97E5B1B1E5889BE696B0E585ACE79B8AE59FBAE98791E4BC9AE79086E4BA8BE38081E69893E6988EE68588E59684E59FBAE98791E4BC9AE79086E4BA8BE380820AE697A9E5B9B4E58F96E5BE97E59388E4BD9BE5A4A7E5ADA6E5BF83E79086E5ADA6E5ADA6E5A3ABE5ADA6E4BD8DE38081E58AA0E68BBFE5A4A7E5A49AE4BCA6E5A49AE5A4A7E5ADA6E58CBBE5ADA6E7A195E5A3ABE5ADA6E4BD8DE38082E69BBEE698AFE5B7B4E88FB2E789B9E2809CE5A5A5E9A9ACE59388E8AEBAE59D9BE2809DE585A8E79083E99D92E5B9B4E9A286E8A296E38081E7A68FE5B883E696AF3330756E6465723330E4B8ADE59BBDE7B2BEE88BB1E380820AE59CA8E5B9B6E8B4ADE68A95E8B584E9A286E59F9FE69C89E79D80E78BACE588B0E79A84E79CBCE58589E4B88EE8A781E8A7A3EFBC8CE68BA5E69C89E5A49AE4B8AAE58D8FE5908CE68A95E8B584E9A1B9E79BAEE6A188E4BE8BEFBC8CE59CA8E7AEA1E79086E5A5BDE5AEB6E6978FE4BC81E4B89AE59FBAE7A180E4B88AEFBC8CE6ADA3E59CA8E9809AE8BF87E5AE9EE8B7B5E68890E4B8BAE4B880E5908DE5B9B6E8B4ADE68A95E8B584E7958CE79A84E4B893E5AEB6E380823C2F703E0A',1,'2021-01-31 14:36:10','2021-02-04 00:11:38',1,0,'{\"template\":\"\",\"featuredImage\":\"/static/upload/20210204/upload_54c2e6e0ef0dd9e4aa248cd1e9576f9d.png\",\"push_sites\":[]}'),
	(8,1,0,3,'管理合伙人-张馨元','guan-li-he-huo-ren---zhang-xin-yuan','<p>中环国信管理合伙人，曾任拉卡拉影业政府事务及行政运营部副总裁，现任北京易明慈善基金会秘书长。\n主要负责公司事务管理、政府关系维护、慈善基金并购以及跨国项目的沟通与协调。曾协助中国两家基金拿到5A级资质，精通英语、德语，在多个国际投资项目中受到外资的肯定，与欧美基金关系交好。</p>\n','中环国信管理合伙人，曾任拉卡拉影业政府事务及行政运营部副总裁，现任北京易明慈善基金会秘书长。\n主要负责公司事务管理、政府关系维护、慈善基金并购以及跨国项目的沟通与协调。曾协助中国两家基金拿到5A级资质，精通英语、德语，在多个国际投资项目中受到外资的肯定，与欧美基金关系交好。',X'3C64697620636C6173733D22746F63223E3C2F6469763E3C703EE4B8ADE78EAFE59BBDE4BFA1E7AEA1E79086E59088E4BC99E4BABAEFBC8CE69BBEE4BBBBE68B89E58DA1E68B89E5BDB1E4B89AE694BFE5BA9CE4BA8BE58AA1E58F8AE8A18CE694BFE8BF90E890A5E983A8E589AFE680BBE8A381EFBC8CE78EB0E4BBBBE58C97E4BAACE69893E6988EE68588E59684E59FBAE98791E4BC9AE7A798E4B9A6E995BFE380820AE4B8BBE8A681E8B49FE8B4A3E585ACE58FB8E4BA8BE58AA1E7AEA1E79086E38081E694BFE5BA9CE585B3E7B3BBE7BBB4E68AA4E38081E68588E59684E59FBAE98791E5B9B6E8B4ADE4BBA5E58F8AE8B7A8E59BBDE9A1B9E79BAEE79A84E6B29FE9809AE4B88EE58D8FE8B083E38082E69BBEE58D8FE58AA9E4B8ADE59BBDE4B8A4E5AEB6E59FBAE98791E68BBFE588B03541E7BAA7E8B584E8B4A8EFBC8CE7B2BEE9809AE88BB1E8AFADE38081E5BEB7E8AFADEFBC8CE59CA8E5A49AE4B8AAE59BBDE99985E68A95E8B584E9A1B9E79BAEE4B8ADE58F97E588B0E5A496E8B584E79A84E882AFE5AE9AEFBC8CE4B88EE6ACA7E7BE8EE59FBAE98791E585B3E7B3BBE4BAA4E5A5BDE380823C2F703E0A',1,'2021-01-31 14:37:19','2021-02-04 00:11:25',1,0,'{\"template\":\"\",\"featuredImage\":\"/static/upload/20210204/upload_74506cab4b20da80a0910178f63f2125.png\",\"push_sites\":[]}'),
	(9,1,0,3,'管理合伙人-庞莹','guan-li-he-huo-ren---pang-ying','<p>中环国信管理合伙人、英国伯明翰大学战略营销与咨询理学硕士。\n持有CFA一级证书，拥有过硬的专业能力和敏锐的市场嗅觉，及时根据市场调整投资布局，帮助多家企业不断增加软实力。曾在短时间内为就任公司独立拓展并签约机构客户7家，实现业务规模数十亿元。在投后管理，投后监管、提供增值服务、把控基金经营风险等方面都有极强的专业性。</p>\n','中环国信管理合伙人、英国伯明翰大学战略营销与咨询理学硕士。\n持有CFA一级证书，拥有过硬的专业能力和敏锐的市场嗅觉，及时根据市场调整投资布局，帮助多家企业不断增加软实力。曾在短时间内为就任公司独立拓展并签约机构客户7家，实现业务规模数十亿元。在投后管理，投后监管、提供增值服务、把控基金经营风险等方面都有极强的专业性。',X'3C64697620636C6173733D22746F63223E3C2F6469763E3C703EE4B8ADE78EAFE59BBDE4BFA1E7AEA1E79086E59088E4BC99E4BABAE38081E88BB1E59BBDE4BCAFE6988EE7BFB0E5A4A7E5ADA6E68898E795A5E890A5E99480E4B88EE592A8E8AFA2E79086E5ADA6E7A195E5A3ABE380820AE68C81E69C89434641E4B880E7BAA7E8AF81E4B9A6EFBC8CE68BA5E69C89E8BF87E7A1ACE79A84E4B893E4B89AE883BDE58A9BE5928CE6958FE99490E79A84E5B882E59CBAE59785E8A789EFBC8CE58F8AE697B6E6A0B9E68DAEE5B882E59CBAE8B083E695B4E68A95E8B584E5B883E5B180EFBC8CE5B8AEE58AA9E5A49AE5AEB6E4BC81E4B89AE4B88DE696ADE5A29EE58AA0E8BDAFE5AE9EE58A9BE38082E69BBEE59CA8E79FADE697B6E997B4E58685E4B8BAE5B0B1E4BBBBE585ACE58FB8E78BACE7AB8BE68B93E5B195E5B9B6E7ADBEE7BAA6E69CBAE69E84E5AEA2E688B737E5AEB6EFBC8CE5AE9EE78EB0E4B89AE58AA1E8A784E6A8A1E695B0E58D81E4BABFE58583E38082E59CA8E68A95E5908EE7AEA1E79086EFBC8CE68A95E5908EE79B91E7AEA1E38081E68F90E4BE9BE5A29EE580BCE69C8DE58AA1E38081E68A8AE68EA7E59FBAE98791E7BB8FE890A5E9A38EE999A9E7AD89E696B9E99DA2E983BDE69C89E69E81E5BCBAE79A84E4B893E4B89AE680A7E380823C2F703E0A',1,'2021-01-31 14:38:32','2021-02-04 18:08:30',1,0,'{\"template\":\"\",\"featuredImage\":\"/static/upload/20210204/upload_58b2adfd6c1fae9f4ee6b61c01826aa9.png\",\"push_sites\":[]}'),
	(10,1,0,3,'首席财务官-牟颖','shou-xi-cai-wu-guan---mou-ying','<p>中环国信首席财务官、高级会计师、注册税务师CTA、美国注册管理会计师CMA，曾任中国数码信息有限公司华北大区财务负责人、北京时代影响力影视文化有限公司财务负责人。\n具有多年资金管理经验，为众多优秀企业提供了有关投资融资、业务运营、交易模式、并购重组等方面的财税及商务咨询服务。</p>\n','中环国信首席财务官、高级会计师、注册税务师CTA、美国注册管理会计师CMA，曾任中国数码信息有限公司华北大区财务负责人、北京时代影响力影视文化有限公司财务负责人。\n具有多年资金管理经验，为众多优秀企业提供了有关投资融资、业务运营、交易模式、并购重组等方面的财税及商务咨询服务。',X'3C64697620636C6173733D22746F63223E3C2F6469763E3C703EE4B8ADE78EAFE59BBDE4BFA1E9A696E5B8ADE8B4A2E58AA1E5AE98E38081E9AB98E7BAA7E4BC9AE8AEA1E5B888E38081E6B3A8E5868CE7A88EE58AA1E5B888435441E38081E7BE8EE59BBDE6B3A8E5868CE7AEA1E79086E4BC9AE8AEA1E5B888434D41EFBC8CE69BBEE4BBBBE4B8ADE59BBDE695B0E7A081E4BFA1E681AFE69C89E99990E585ACE58FB8E58D8EE58C97E5A4A7E58CBAE8B4A2E58AA1E8B49FE8B4A3E4BABAE38081E58C97E4BAACE697B6E4BBA3E5BDB1E5938DE58A9BE5BDB1E8A786E69687E58C96E69C89E99990E585ACE58FB8E8B4A2E58AA1E8B49FE8B4A3E4BABAE380820AE585B7E69C89E5A49AE5B9B4E8B584E98791E7AEA1E79086E7BB8FE9AA8CEFBC8CE4B8BAE4BC97E5A49AE4BC98E7A780E4BC81E4B89AE68F90E4BE9BE4BA86E69C89E585B3E68A95E8B584E89E8DE8B584E38081E4B89AE58AA1E8BF90E890A5E38081E4BAA4E69893E6A8A1E5BC8FE38081E5B9B6E8B4ADE9878DE7BB84E7AD89E696B9E99DA2E79A84E8B4A2E7A88EE58F8AE59586E58AA1E592A8E8AFA2E69C8DE58AA1E380823C2F703E0A',1,'2021-01-31 14:39:29','2021-02-04 00:10:36',1,0,'{\"template\":\"\",\"featuredImage\":\"/static/upload/20210204/upload_3db89f02e58f79f9018cd9dc62c93024.png\",\"push_sites\":[]}'),
	(11,1,0,3,'欢迎使用 Firekylin','hello-world-via-firekylin','<p>这是程序自动发布的文章。如果您看到这篇文章，表示您的 Blog 已经安装成功！</p>\n<p>如果您对 Firekylin 不是很熟悉，可以先阅读以下常用操作了解一下。</p>\n','\n这是程序自动发布的文章。如果您看到这篇文章，表示您的 Blog 已经安装成功！\n\n如果您对 Firekylin 不是很熟悉，可以先阅读以下常用操作了解一下。\n\n<!--more-->\n\n## 常用操作\n### 登录后台\nFirekylin 的后台登录入口在 [~/admin](/admin)\n\n### 网站基本设置\n后台的 [系统设置](/admin/options/) 提供了与网站相关的选项，例如可在其中的 [基本设置](/admin/options/general) 中设置网站名称、Logo地址等。  \n更多的设置，请参考 [官方 WIKI](https://github.com/firekylin/firekylin/wiki/) 的 [系统设置](https://github.com/firekylin/firekylin/wiki/系统设置)\n\n### 评论设置\nFirekylin 没有内置评论模块。但是，Firekylin 可方便地使用第三方评论系统。在后台的 [系统设置](/admin/options/) 的 [评论设置](/admin/options/comment) 的 `自定义` 模式下粘贴第三方评论系统的代码即可。\n\nFirekylin 还对 [Disqus](https://disqus.com/) 、[畅言](https://changyan.kuaizhan.com/) 、[网易云跟帖](https://gentie.163.com/)  提供了特别的支持，只需要填写对应的网站id即可，不需要粘贴具体的代码。\n\n### 菜单管理\n后台的 [外观设置](admin/appearance/) 可进行 [菜单管理](/admin/appearance/navigation)，包括新增菜单、删除菜单、菜单排序等。  \n新增菜单时，如填写了菜单属性（例如属性为 `home`），Firekylin 自带的主题会从图标库尝试寻找 `icon-home` 作为该菜单的图标，如未查到匹配的则不会显示图标。\n\n### 主题外观\nFirekylin 目前只带了一套主题，所以基于 Firekylin 架构的网站长得都差不多^_^  \n主题外观的使用、修改、创建可参考官网 WIKI 的 [主题外观](https://github.com/firekylin/firekylin/wiki/主题外观)。  \n欢迎越来越多的热心用户为 Firekylin 开发主题外观，开发手册详见 [主题开发]( https://github.com/firekylin/firekylin/wiki/主题开发)。\n\n## Markdown 简介\nFirekylin 的编辑器为支持 Markdown 语法的编辑器。Markdown 是一种简化的标记语言，普通的纯文本内容（例如 Windows 的记事本撰写的内容）经过 Markdown 标记之后，可被渲染成赏心悦目的富格式文本。\n\nMarkdown 的格式说明可参考：[英文版](https://guides.github.com/features/mastering-markdown/)、[中文版](https://coding.net/help/doc/project/markdown.html)\n\n好了，介绍就这么多，快开始你的 Blog 之旅吧！\n',X'3C64697620636C6173733D22746F63223E3C756C3E0A3C6C693E3C6120687265663D2223746F632D383438223EE5B8B8E794A8E6938DE4BD9C3C2F613E3C756C3E0A3C6C693E3C6120687265663D2223746F632D316162223EE799BBE5BD95E5908EE58FB03C2F613E3C2F6C693E0A3C6C693E3C6120687265663D2223746F632D376534223EE7BD91E7AB99E59FBAE69CACE8AEBEE7BDAE3C2F613E3C2F6C693E0A3C6C693E3C6120687265663D2223746F632D666633223EE8AF84E8AEBAE8AEBEE7BDAE3C2F613E3C2F6C693E0A3C6C693E3C6120687265663D2223746F632D333130223EE88F9CE58D95E7AEA1E790863C2F613E3C2F6C693E0A3C6C693E3C6120687265663D2223746F632D393231223EE4B8BBE9A298E5A496E8A7823C2F613E3C2F6C693E0A3C2F756C3E0A3C2F6C693E0A3C6C693E3C6120687265663D2223746F632D613137223E4D61726B646F776E20E7AE80E4BB8B3C2F613E3C2F6C693E0A3C2F756C3E0A3C2F6469763E3C703EE8BF99E698AFE7A88BE5BA8FE887AAE58AA8E58F91E5B883E79A84E69687E7ABA0E38082E5A682E69E9CE682A8E79C8BE588B0E8BF99E7AF87E69687E7ABA0EFBC8CE8A1A8E7A4BAE682A8E79A8420426C6F6720E5B7B2E7BB8FE5AE89E8A385E68890E58A9FEFBC813C2F703E0A3C703EE5A682E69E9CE682A8E5AFB920466972656B796C696E20E4B88DE698AFE5BE88E7869FE68289EFBC8CE58FAFE4BBA5E58588E99885E8AFBBE4BBA5E4B88BE5B8B8E794A8E6938DE4BD9CE4BA86E8A7A3E4B880E4B88BE380823C2F703E0A3C212D2D6D6F72652D2D3E0A0A3C68323E3C612069643D22746F632D3834382220636C6173733D22616E63686F722220687265663D2223746F632D383438223E3C2F613EE5B8B8E794A8E6938DE4BD9C3C2F68323E0A3C68333E3C612069643D22746F632D3161622220636C6173733D22616E63686F722220687265663D2223746F632D316162223E3C2F613EE799BBE5BD95E5908EE58FB03C2F68333E0A3C703E466972656B796C696E20E79A84E5908EE58FB0E799BBE5BD95E585A5E58FA3E59CA8203C6120687265663D222F61646D696E223E7E2F61646D696E3C2F613E3C2F703E0A3C68333E3C612069643D22746F632D3765342220636C6173733D22616E63686F722220687265663D2223746F632D376534223E3C2F613EE7BD91E7AB99E59FBAE69CACE8AEBEE7BDAE3C2F68333E0A3C703EE5908EE58FB0E79A84203C6120687265663D222F61646D696E2F6F7074696F6E732F223EE7B3BBE7BB9FE8AEBEE7BDAE3C2F613E20E68F90E4BE9BE4BA86E4B88EE7BD91E7AB99E79BB8E585B3E79A84E98089E9A1B9EFBC8CE4BE8BE5A682E58FAFE59CA8E585B6E4B8ADE79A84203C6120687265663D222F61646D696E2F6F7074696F6E732F67656E6572616C223EE59FBAE69CACE8AEBEE7BDAE3C2F613E20E4B8ADE8AEBEE7BDAEE7BD91E7AB99E5908DE7A7B0E380814C6F676FE59CB0E59D80E7AD89E380823C62723EE69BB4E5A49AE79A84E8AEBEE7BDAEEFBC8CE8AFB7E58F82E88083203C6120687265663D2268747470733A2F2F6769746875622E636F6D2F666972656B796C696E2F666972656B796C696E2F77696B692F223EE5AE98E696B92057494B493C2F613E20E79A84203C6120687265663D2268747470733A2F2F6769746875622E636F6D2F666972656B796C696E2F666972656B796C696E2F77696B692F254537254233254242254537254242253946254538254145254245254537254244254145223EE7B3BBE7BB9FE8AEBEE7BDAE3C2F613E3C2F703E0A3C68333E3C612069643D22746F632D6666332220636C6173733D22616E63686F722220687265663D2223746F632D666633223E3C2F613EE8AF84E8AEBAE8AEBEE7BDAE3C2F68333E0A3C703E466972656B796C696E20E6B2A1E69C89E58685E7BDAEE8AF84E8AEBAE6A8A1E59D97E38082E4BD86E698AFEFBC8C466972656B796C696E20E58FAFE696B9E4BEBFE59CB0E4BDBFE794A8E7ACACE4B889E696B9E8AF84E8AEBAE7B3BBE7BB9FE38082E59CA8E5908EE58FB0E79A84203C6120687265663D222F61646D696E2F6F7074696F6E732F223EE7B3BBE7BB9FE8AEBEE7BDAE3C2F613E20E79A84203C6120687265663D222F61646D696E2F6F7074696F6E732F636F6D6D656E74223EE8AF84E8AEBAE8AEBEE7BDAE3C2F613E20E79A84203C636F64653EE887AAE5AE9AE4B9893C2F636F64653E20E6A8A1E5BC8FE4B88BE7B298E8B4B4E7ACACE4B889E696B9E8AF84E8AEBAE7B3BBE7BB9FE79A84E4BBA3E7A081E58DB3E58FAFE380823C2F703E0A3C703E466972656B796C696E20E8BF98E5AFB9203C6120687265663D2268747470733A2F2F6469737175732E636F6D2F223E4469737175733C2F613E20E380813C6120687265663D2268747470733A2F2F6368616E6779616E2E6B7561697A68616E2E636F6D2F223EE79585E8A8803C2F613E20E380813C6120687265663D2268747470733A2F2F67656E7469652E3136332E636F6D2F223EE7BD91E69893E4BA91E8B79FE5B8963C2F613E2020E68F90E4BE9BE4BA86E789B9E588ABE79A84E694AFE68C81EFBC8CE58FAAE99C80E8A681E5A1ABE58699E5AFB9E5BA94E79A84E7BD91E7AB996964E58DB3E58FAFEFBC8CE4B88DE99C80E8A681E7B298E8B4B4E585B7E4BD93E79A84E4BBA3E7A081E380823C2F703E0A3C68333E3C612069643D22746F632D3331302220636C6173733D22616E63686F722220687265663D2223746F632D333130223E3C2F613EE88F9CE58D95E7AEA1E790863C2F68333E0A3C703EE5908EE58FB0E79A84203C6120687265663D2261646D696E2F617070656172616E63652F223EE5A496E8A782E8AEBEE7BDAE3C2F613E20E58FAFE8BF9BE8A18C203C6120687265663D222F61646D696E2F617070656172616E63652F6E617669676174696F6E223EE88F9CE58D95E7AEA1E790863C2F613EEFBC8CE58C85E68BACE696B0E5A29EE88F9CE58D95E38081E588A0E999A4E88F9CE58D95E38081E88F9CE58D95E68E92E5BA8FE7AD89E380823C62723EE696B0E5A29EE88F9CE58D95E697B6EFBC8CE5A682E5A1ABE58699E4BA86E88F9CE58D95E5B19EE680A7EFBC88E4BE8BE5A682E5B19EE680A7E4B8BA203C636F64653E686F6D653C2F636F64653EEFBC89EFBC8C466972656B796C696E20E887AAE5B8A6E79A84E4B8BBE9A298E4BC9AE4BB8EE59BBEE6A087E5BA93E5B09DE8AF95E5AFBBE689BE203C636F64653E69636F6E2D686F6D653C2F636F64653E20E4BD9CE4B8BAE8AFA5E88F9CE58D95E79A84E59BBEE6A087EFBC8CE5A682E69CAAE69FA5E588B0E58CB9E9858DE79A84E58899E4B88DE4BC9AE698BEE7A4BAE59BBEE6A087E380823C2F703E0A3C68333E3C612069643D22746F632D3932312220636C6173733D22616E63686F722220687265663D2223746F632D393231223E3C2F613EE4B8BBE9A298E5A496E8A7823C2F68333E0A3C703E466972656B796C696E20E79BAEE5898DE58FAAE5B8A6E4BA86E4B880E5A597E4B8BBE9A298EFBC8CE68980E4BBA5E59FBAE4BA8E20466972656B796C696E20E69EB6E69E84E79A84E7BD91E7AB99E995BFE5BE97E983BDE5B7AEE4B88DE5A49A5E5F5E3C62723EE4B8BBE9A298E5A496E8A782E79A84E4BDBFE794A8E38081E4BFAEE694B9E38081E5889BE5BBBAE58FAFE58F82E88083E5AE98E7BD912057494B4920E79A84203C6120687265663D2268747470733A2F2F6769746875622E636F6D2F666972656B796C696E2F666972656B796C696E2F77696B692F254534254238254242254539254132253938254535254134253936254538254137253832223EE4B8BBE9A298E5A496E8A7823C2F613EE3808220200AE6ACA2E8BF8EE8B68AE69DA5E8B68AE5A49AE79A84E783ADE5BF83E794A8E688B7E4B8BA20466972656B796C696E20E5BC80E58F91E4B8BBE9A298E5A496E8A782EFBC8CE5BC80E58F91E6898BE5868CE8AFA6E8A781203C6120687265663D2268747470733A2F2F6769746875622E636F6D2F666972656B796C696E2F666972656B796C696E2F77696B692F254534254238254242254539254132253938254535254243253830254535253846253931223EE4B8BBE9A298E5BC80E58F913C2F613EE380823C2F703E0A3C68323E3C612069643D22746F632D6131372220636C6173733D22616E63686F722220687265663D2223746F632D613137223E3C2F613E4D61726B646F776E20E7AE80E4BB8B3C2F68323E0A3C703E466972656B796C696E20E79A84E7BC96E8BE91E599A8E4B8BAE694AFE68C81204D61726B646F776E20E8AFADE6B395E79A84E7BC96E8BE91E599A8E380824D61726B646F776E20E698AFE4B880E7A78DE7AE80E58C96E79A84E6A087E8AEB0E8AFADE8A880EFBC8CE699AEE9809AE79A84E7BAAFE69687E69CACE58685E5AEB9EFBC88E4BE8BE5A6822057696E646F777320E79A84E8AEB0E4BA8BE69CACE692B0E58699E79A84E58685E5AEB9EFBC89E7BB8FE8BF87204D61726B646F776E20E6A087E8AEB0E4B98BE5908EEFBC8CE58FAFE8A2ABE6B8B2E69F93E68890E8B58FE5BF83E682A6E79BAEE79A84E5AF8CE6A0BCE5BC8FE69687E69CACE380823C2F703E0A3C703E4D61726B646F776E20E79A84E6A0BCE5BC8FE8AFB4E6988EE58FAFE58F82E88083EFBC9A3C6120687265663D2268747470733A2F2F6775696465732E6769746875622E636F6D2F66656174757265732F6D6173746572696E672D6D61726B646F776E2F223EE88BB1E69687E789883C2F613EE380813C6120687265663D2268747470733A2F2F636F64696E672E6E65742F68656C702F646F632F70726F6A6563742F6D61726B646F776E2E68746D6C223EE4B8ADE69687E789883C2F613E3C2F703E0A3C703EE5A5BDE4BA86EFBC8CE4BB8BE7BB8DE5B0B1E8BF99E4B988E5A49AEFBC8CE5BFABE5BC80E5A78BE4BDA0E79A8420426C6F6720E4B98BE69785E590A7EFBC813C2F703E0A',1,'2021-02-02 00:13:30','2021-02-02 00:13:30',1,0,NULL),
	(12,1,0,3,'教育资助类公益','jiao-yu-zi-zhu-lei-gong-yi','<p>中环国信一直致力于改善教育环境，努力抚平教育不公之憾。秉承“促进‘普惠性’教育”发展理念，设立了多项奖学金，帮助不同地区不同领域的孩子接受到良好的教育。</p>\n<p>1.与昆山杜克大学共同设立“郭婷婷奖学金”，用以帮助来自非洲及其他发展中国家的贫困学生在昆山杜克进行学习。</p>\n<p>2.向湖南省郑洞国教育基金会捐赠500万元，参与教育扶助工作。</p>\n<p>3.与北京大学教育基金会共同设立“拉卡拉文化素质拓展基金“，促进北京大学的人才培养和校园文化发展，推进高校人文艺术素质教育和教育教学改革工作前行。</p>\n<p>4.与东北师大附中共同设立奖学奖教金，支持科教育人，开展优学计划。</p>\n','中环国信一直致力于改善教育环境，努力抚平教育不公之憾。秉承“促进‘普惠性’教育”发展理念，设立了多项奖学金，帮助不同地区不同领域的孩子接受到良好的教育。\n\n1.与昆山杜克大学共同设立“郭婷婷奖学金”，用以帮助来自非洲及其他发展中国家的贫困学生在昆山杜克进行学习。\n\n2.向湖南省郑洞国教育基金会捐赠500万元，参与教育扶助工作。\n\n3.与北京大学教育基金会共同设立“拉卡拉文化素质拓展基金“，促进北京大学的人才培养和校园文化发展，推进高校人文艺术素质教育和教育教学改革工作前行。\n\n4.与东北师大附中共同设立奖学奖教金，支持科教育人，开展优学计划。',X'3C64697620636C6173733D22746F63223E3C2F6469763E3C703EE4B8ADE78EAFE59BBDE4BFA1E4B880E79BB4E887B4E58A9BE4BA8EE694B9E59684E69599E882B2E78EAFE5A283EFBC8CE58AAAE58A9BE68A9AE5B9B3E69599E882B2E4B88DE585ACE4B98BE686BEE38082E7A789E689BFE2809CE4BF83E8BF9BE28098E699AEE683A0E680A7E28099E69599E882B2E2809DE58F91E5B195E79086E5BFB5EFBC8CE8AEBEE7AB8BE4BA86E5A49AE9A1B9E5A596E5ADA6E98791EFBC8CE5B8AEE58AA9E4B88DE5908CE59CB0E58CBAE4B88DE5908CE9A286E59F9FE79A84E5ADA9E5AD90E68EA5E58F97E588B0E889AFE5A5BDE79A84E69599E882B2E380823C2F703E0A3C703E312EE4B88EE69886E5B1B1E69D9CE5858BE5A4A7E5ADA6E585B1E5908CE8AEBEE7AB8BE2809CE983ADE5A9B7E5A9B7E5A596E5ADA6E98791E2809DEFBC8CE794A8E4BBA5E5B8AEE58AA9E69DA5E887AAE99D9EE6B4B2E58F8AE585B6E4BB96E58F91E5B195E4B8ADE59BBDE5AEB6E79A84E8B4ABE59BB0E5ADA6E7949FE59CA8E69886E5B1B1E69D9CE5858BE8BF9BE8A18CE5ADA6E4B9A0E380823C2F703E0A3C703E322EE59091E6B996E58D97E79C81E98391E6B49EE59BBDE69599E882B2E59FBAE98791E4BC9AE68D90E8B5A0353030E4B887E58583EFBC8CE58F82E4B88EE69599E882B2E689B6E58AA9E5B7A5E4BD9CE380823C2F703E0A3C703E332EE4B88EE58C97E4BAACE5A4A7E5ADA6E69599E882B2E59FBAE98791E4BC9AE585B1E5908CE8AEBEE7AB8BE2809CE68B89E58DA1E68B89E69687E58C96E7B4A0E8B4A8E68B93E5B195E59FBAE98791E2809CEFBC8CE4BF83E8BF9BE58C97E4BAACE5A4A7E5ADA6E79A84E4BABAE6898DE59FB9E585BBE5928CE6A0A1E59BADE69687E58C96E58F91E5B195EFBC8CE68EA8E8BF9BE9AB98E6A0A1E4BABAE69687E889BAE69CAFE7B4A0E8B4A8E69599E882B2E5928CE69599E882B2E69599E5ADA6E694B9E99DA9E5B7A5E4BD9CE5898DE8A18CE380823C2F703E0A3C703E342EE4B88EE4B89CE58C97E5B888E5A4A7E99984E4B8ADE585B1E5908CE8AEBEE7AB8BE5A596E5ADA6E5A596E69599E98791EFBC8CE694AFE68C81E7A791E69599E882B2E4BABAEFBC8CE5BC80E5B195E4BC98E5ADA6E8AEA1E58892E380823C2F703E0A',1,'2021-02-03 23:51:59','2021-02-03 23:52:35',1,0,'{\"template\":\"\",\"featuredImage\":\"\",\"push_sites\":[]}'),
	(13,1,0,3,'人才建设类公益','ren-cai-jian-she-lei-gong-yi','<p>人才强国，科教兴国。中环国信深知优秀的人才是企业发展的核心动力。在人才培养方面，中环国信致力于帮助优秀人才全方位发展，资助年轻人实现梦想。</p>\n<p>1.“郭婷婷奖学金启动仪式”在其母校山东艺术学院举行，致力于帮助在艺术领域有独特创意的年轻人完成梦想。</p>\n<p>2.赞助北大校友创业联合会，将捐赠用于鼓励北大创业学子勇于进取，创新创业。</p>\n<p>3.向中国青少年发展基金会捐款，共同发起成立“中国间隔年公益基金”，让学生有机会在步入社会之前体验与自己生活不同的社会环境生活方式。</p>\n<p>4.2016年起至2020年，开启“优才计划”。联合数十位知名企业家与社会贤达，拟定募集捐款用于资助青年才俊，勇于实现自己的梦想。</p>\n','人才强国，科教兴国。中环国信深知优秀的人才是企业发展的核心动力。在人才培养方面，中环国信致力于帮助优秀人才全方位发展，资助年轻人实现梦想。\n\n1.“郭婷婷奖学金启动仪式”在其母校山东艺术学院举行，致力于帮助在艺术领域有独特创意的年轻人完成梦想。\n\n2.赞助北大校友创业联合会，将捐赠用于鼓励北大创业学子勇于进取，创新创业。\n\n3.向中国青少年发展基金会捐款，共同发起成立“中国间隔年公益基金”，让学生有机会在步入社会之前体验与自己生活不同的社会环境生活方式。\n\n4.2016年起至2020年，开启“优才计划”。联合数十位知名企业家与社会贤达，拟定募集捐款用于资助青年才俊，勇于实现自己的梦想。',X'3C64697620636C6173733D22746F63223E3C2F6469763E3C703EE4BABAE6898DE5BCBAE59BBDEFBC8CE7A791E69599E585B4E59BBDE38082E4B8ADE78EAFE59BBDE4BFA1E6B7B1E79FA5E4BC98E7A780E79A84E4BABAE6898DE698AFE4BC81E4B89AE58F91E5B195E79A84E6A0B8E5BF83E58AA8E58A9BE38082E59CA8E4BABAE6898DE59FB9E585BBE696B9E99DA2EFBC8CE4B8ADE78EAFE59BBDE4BFA1E887B4E58A9BE4BA8EE5B8AEE58AA9E4BC98E7A780E4BABAE6898DE585A8E696B9E4BD8DE58F91E5B195EFBC8CE8B584E58AA9E5B9B4E8BDBBE4BABAE5AE9EE78EB0E6A2A6E683B3E380823C2F703E0A3C703E312EE2809CE983ADE5A9B7E5A9B7E5A596E5ADA6E98791E590AFE58AA8E4BBAAE5BC8FE2809DE59CA8E585B6E6AF8DE6A0A1E5B1B1E4B89CE889BAE69CAFE5ADA6E999A2E4B8BEE8A18CEFBC8CE887B4E58A9BE4BA8EE5B8AEE58AA9E59CA8E889BAE69CAFE9A286E59F9FE69C89E78BACE789B9E5889BE6848FE79A84E5B9B4E8BDBBE4BABAE5AE8CE68890E6A2A6E683B3E380823C2F703E0A3C703E322EE8B59EE58AA9E58C97E5A4A7E6A0A1E58F8BE5889BE4B89AE88194E59088E4BC9AEFBC8CE5B086E68D90E8B5A0E794A8E4BA8EE9BC93E58AB1E58C97E5A4A7E5889BE4B89AE5ADA6E5AD90E58B87E4BA8EE8BF9BE58F96EFBC8CE5889BE696B0E5889BE4B89AE380823C2F703E0A3C703E332EE59091E4B8ADE59BBDE99D92E5B091E5B9B4E58F91E5B195E59FBAE98791E4BC9AE68D90E6ACBEEFBC8CE585B1E5908CE58F91E8B5B7E68890E7AB8BE2809CE4B8ADE59BBDE997B4E99A94E5B9B4E585ACE79B8AE59FBAE98791E2809DEFBC8CE8AEA9E5ADA6E7949FE69C89E69CBAE4BC9AE59CA8E6ADA5E585A5E7A4BEE4BC9AE4B98BE5898DE4BD93E9AA8CE4B88EE887AAE5B7B1E7949FE6B4BBE4B88DE5908CE79A84E7A4BEE4BC9AE78EAFE5A283E7949FE6B4BBE696B9E5BC8FE380823C2F703E0A3C703E342E32303136E5B9B4E8B5B7E887B332303230E5B9B4EFBC8CE5BC80E590AFE2809CE4BC98E6898DE8AEA1E58892E2809DE38082E88194E59088E695B0E58D81E4BD8DE79FA5E5908DE4BC81E4B89AE5AEB6E4B88EE7A4BEE4BC9AE8B4A4E8BEBEEFBC8CE68B9FE5AE9AE58B9FE99B86E68D90E6ACBEE794A8E4BA8EE8B584E58AA9E99D92E5B9B4E6898DE4BF8AEFBC8CE58B87E4BA8EE5AE9EE78EB0E887AAE5B7B1E79A84E6A2A6E683B3E380823C2F703E0A',1,'2021-02-03 23:52:37','2021-02-03 23:52:54',1,0,'{\"template\":\"\",\"featuredImage\":\"\",\"push_sites\":[]}'),
	(14,1,0,3,'女性维权类公益','nv-xing-wei-quan-lei-gong-yi','<p>关注女性，帮助女性维护自己的权益。中环国信开展了一系列女性援助计划！</p>\n<p>1.2016年易明基金会与中国政法大学联合设立受侵害女性权益保护计划。项目服务于受到恶意侵害、维权意识不强、法律援助渠道过窄的女性，给予必要的司法救助及专业的心理辅导。同时提高女性维权意识、扩大法律援助受案范围。</p>\n','关注女性，帮助女性维护自己的权益。中环国信开展了一系列女性援助计划！\n\n1.2016年易明基金会与中国政法大学联合设立受侵害女性权益保护计划。项目服务于受到恶意侵害、维权意识不强、法律援助渠道过窄的女性，给予必要的司法救助及专业的心理辅导。同时提高女性维权意识、扩大法律援助受案范围。',X'3C64697620636C6173733D22746F63223E3C2F6469763E3C703EE585B3E6B3A8E5A5B3E680A7EFBC8CE5B8AEE58AA9E5A5B3E680A7E7BBB4E68AA4E887AAE5B7B1E79A84E69D83E79B8AE38082E4B8ADE78EAFE59BBDE4BFA1E5BC80E5B195E4BA86E4B880E7B3BBE58897E5A5B3E680A7E68FB4E58AA9E8AEA1E58892EFBC813C2F703E0A3C703E312E32303136E5B9B4E69893E6988EE59FBAE98791E4BC9AE4B88EE4B8ADE59BBDE694BFE6B395E5A4A7E5ADA6E88194E59088E8AEBEE7AB8BE58F97E4BEB5E5AEB3E5A5B3E680A7E69D83E79B8AE4BF9DE68AA4E8AEA1E58892E38082E9A1B9E79BAEE69C8DE58AA1E4BA8EE58F97E588B0E681B6E6848FE4BEB5E5AEB3E38081E7BBB4E69D83E6848FE8AF86E4B88DE5BCBAE38081E6B395E5BE8BE68FB4E58AA9E6B8A0E98193E8BF87E7AA84E79A84E5A5B3E680A7EFBC8CE7BB99E4BA88E5BF85E8A681E79A84E58FB8E6B395E69591E58AA9E58F8AE4B893E4B89AE79A84E5BF83E79086E8BE85E5AFBCE38082E5908CE697B6E68F90E9AB98E5A5B3E680A7E7BBB4E69D83E6848FE8AF86E38081E689A9E5A4A7E6B395E5BE8BE68FB4E58AA9E58F97E6A188E88C83E59BB4E380823C2F703E0A',1,'2021-02-03 23:52:56','2021-02-03 23:53:11',1,0,'{\"template\":\"\",\"featuredImage\":\"\",\"push_sites\":[]}'),
	(15,1,0,3,'医疗健康类公益','yi-liao-jian-kang-lei-gong-yi','<p>标题推动医疗发展一直是中环国信创始人的梦想，愿怀着“医者仁心”的态度与这个世界相处，愿尽自己的绵薄之力推动医疗技术发展。</p>\n<p>1.资助全球健康研究中心在肯尼亚开展有关心脑血管疾病管理的重要研究。</p>\n<p>2.为西藏肾脏病同胞提供医疗支持，并持续关注藏族同胞的身体状况，将在未来帮助更多的人。</p>\n<p>3.捐赠海淀区自闭症儿童书画作品展，支持儿童自闭症研究、诊治和服务。</p>\n','标题推动医疗发展一直是中环国信创始人的梦想，愿怀着“医者仁心”的态度与这个世界相处，愿尽自己的绵薄之力推动医疗技术发展。\n\n1.资助全球健康研究中心在肯尼亚开展有关心脑血管疾病管理的重要研究。\n\n2.为西藏肾脏病同胞提供医疗支持，并持续关注藏族同胞的身体状况，将在未来帮助更多的人。\n\n3.捐赠海淀区自闭症儿童书画作品展，支持儿童自闭症研究、诊治和服务。',X'3C64697620636C6173733D22746F63223E3C2F6469763E3C703EE6A087E9A298E68EA8E58AA8E58CBBE79697E58F91E5B195E4B880E79BB4E698AFE4B8ADE78EAFE59BBDE4BFA1E5889BE5A78BE4BABAE79A84E6A2A6E683B3EFBC8CE684BFE68080E79D80E2809CE58CBBE88085E4BB81E5BF83E2809DE79A84E68081E5BAA6E4B88EE8BF99E4B8AAE4B896E7958CE79BB8E5A484EFBC8CE684BFE5B0BDE887AAE5B7B1E79A84E7BBB5E89684E4B98BE58A9BE68EA8E58AA8E58CBBE79697E68A80E69CAFE58F91E5B195E380823C2F703E0A3C703E312EE8B584E58AA9E585A8E79083E581A5E5BAB7E7A094E7A9B6E4B8ADE5BF83E59CA8E882AFE5B0BCE4BA9AE5BC80E5B195E69C89E585B3E5BF83E88491E8A180E7AEA1E796BEE79785E7AEA1E79086E79A84E9878DE8A681E7A094E7A9B6E380823C2F703E0A3C703E322EE4B8BAE8A5BFE8978FE882BEE8848FE79785E5908CE8839EE68F90E4BE9BE58CBBE79697E694AFE68C81EFBC8CE5B9B6E68C81E7BBADE585B3E6B3A8E8978FE6978FE5908CE8839EE79A84E8BAABE4BD93E78AB6E586B5EFBC8CE5B086E59CA8E69CAAE69DA5E5B8AEE58AA9E69BB4E5A49AE79A84E4BABAE380823C2F703E0A3C703E332EE68D90E8B5A0E6B5B7E6B780E58CBAE887AAE997ADE79787E584BFE7ABA5E4B9A6E794BBE4BD9CE59381E5B195EFBC8CE694AFE68C81E584BFE7ABA5E887AAE997ADE79787E7A094E7A9B6E38081E8AF8AE6B2BBE5928CE69C8DE58AA1E380823C2F703E0A',1,'2021-02-03 23:53:16','2021-02-03 23:53:31',1,0,'{\"template\":\"\",\"featuredImage\":\"\",\"push_sites\":[]}');

/*!40000 ALTER TABLE `fk_post` ENABLE KEYS */;
UNLOCK TABLES;


# Dump of table fk_post_cate
# ------------------------------------------------------------

DROP TABLE IF EXISTS `fk_post_cate`;

CREATE TABLE `fk_post_cate` (
  `id` int(11) unsigned NOT NULL AUTO_INCREMENT,
  `post_id` int(11) NOT NULL,
  `cate_id` int(11) NOT NULL,
  PRIMARY KEY (`id`),
  UNIQUE KEY `post_cate` (`post_id`,`cate_id`)
) ENGINE=InnoDB DEFAULT CHARSET=utf8;

LOCK TABLES `fk_post_cate` WRITE;
/*!40000 ALTER TABLE `fk_post_cate` DISABLE KEYS */;

INSERT INTO `fk_post_cate` (`id`, `post_id`, `cate_id`)
VALUES
	(69,3,2),
	(71,6,7),
	(68,7,2),
	(67,8,2),
	(70,9,2),
	(65,10,2),
	(61,12,9),
	(62,13,9),
	(63,14,9),
	(64,15,9);

/*!40000 ALTER TABLE `fk_post_cate` ENABLE KEYS */;
UNLOCK TABLES;


# Dump of table fk_post_history
# ------------------------------------------------------------

DROP TABLE IF EXISTS `fk_post_history`;

CREATE TABLE `fk_post_history` (
  `id` int(11) unsigned NOT NULL AUTO_INCREMENT,
  `post_id` int(11) DEFAULT NULL,
  `markdown_content` text,
  `update_user_id` int(11) DEFAULT NULL COMMENT '更新用户的 ID',
  PRIMARY KEY (`id`)
) ENGINE=InnoDB DEFAULT CHARSET=utf8;



# Dump of table fk_post_tag
# ------------------------------------------------------------

DROP TABLE IF EXISTS `fk_post_tag`;

CREATE TABLE `fk_post_tag` (
  `id` int(11) unsigned NOT NULL AUTO_INCREMENT,
  `post_id` int(11) NOT NULL,
  `tag_id` int(11) NOT NULL,
  PRIMARY KEY (`id`),
  UNIQUE KEY `post_tag` (`post_id`,`tag_id`)
) ENGINE=InnoDB DEFAULT CHARSET=utf8;



# Dump of table fk_tag
# ------------------------------------------------------------

DROP TABLE IF EXISTS `fk_tag`;

CREATE TABLE `fk_tag` (
  `id` int(11) unsigned NOT NULL AUTO_INCREMENT,
  `name` varchar(255) DEFAULT NULL,
  `pathname` varchar(255) DEFAULT NULL,
  PRIMARY KEY (`id`),
  UNIQUE KEY `name` (`name`)
) ENGINE=InnoDB DEFAULT CHARSET=utf8;



# Dump of table fk_user
# ------------------------------------------------------------

DROP TABLE IF EXISTS `fk_user`;

CREATE TABLE `fk_user` (
  `id` int(10) unsigned NOT NULL AUTO_INCREMENT,
  `name` varchar(255) NOT NULL DEFAULT '',
  `display_name` varchar(255) DEFAULT NULL,
  `password` varchar(255) NOT NULL DEFAULT '',
  `type` tinyint(11) NOT NULL DEFAULT '1' COMMENT '1 为管理员  2 为编辑',
  `email` varchar(255) NOT NULL DEFAULT '',
  `status` tinyint(11) NOT NULL DEFAULT '1' COMMENT '1 为有效 2 为禁用',
  `create_time` datetime NOT NULL,
  `create_ip` varchar(20) NOT NULL DEFAULT '',
  `last_login_time` datetime NOT NULL,
  `last_login_ip` varchar(20) NOT NULL DEFAULT '',
  `app_key` varchar(255) DEFAULT NULL,
  `app_secret` varchar(255) DEFAULT NULL,
  PRIMARY KEY (`id`),
  UNIQUE KEY `name` (`name`),
  UNIQUE KEY `email` (`email`)
) ENGINE=InnoDB DEFAULT CHARSET=utf8;

LOCK TABLES `fk_user` WRITE;
/*!40000 ALTER TABLE `fk_user` DISABLE KEYS */;

INSERT INTO `fk_user` (`id`, `name`, `display_name`, `password`, `type`, `email`, `status`, `create_time`, `create_ip`, `last_login_time`, `last_login_ip`, `app_key`, `app_secret`)
VALUES
	(1,'admin',NULL,'$2a$08$5iNcOBHzEyvMRpLmQGxuMuuXCKezrnVcZuA7LwDnWhYWJvWummQNC',1,'zhangdi525@163.com',1,'2020-12-15 11:45:03','','2021-02-04 00:07:52','',NULL,NULL);

/*!40000 ALTER TABLE `fk_user` ENABLE KEYS */;
UNLOCK TABLES;



/*!40111 SET SQL_NOTES=@OLD_SQL_NOTES */;
/*!40101 SET SQL_MODE=@OLD_SQL_MODE */;
/*!40014 SET FOREIGN_KEY_CHECKS=@OLD_FOREIGN_KEY_CHECKS */;
/*!40101 SET CHARACTER_SET_CLIENT=@OLD_CHARACTER_SET_CLIENT */;
/*!40101 SET CHARACTER_SET_RESULTS=@OLD_CHARACTER_SET_RESULTS */;
/*!40101 SET COLLATION_CONNECTION=@OLD_COLLATION_CONNECTION */;
