# ************************************************************
# Sequel Pro SQL dump
# Version 4541
#
# http://www.sequelpro.com/
# https://github.com/sequelpro/sequelpro
#
# Host: 127.0.0.1 (MySQL 5.7.29)
# Database: firekylin
# Generation Time: 2021-01-31 09:24:16 +0000
# ************************************************************


/*!40101 SET @OLD_CHARACTER_SET_CLIENT=@@CHARACTER_SET_CLIENT */;
/*!40101 SET @OLD_CHARACTER_SET_RESULTS=@@CHARACTER_SET_RESULTS */;
/*!40101 SET @OLD_COLLATION_CONNECTION=@@COLLATION_CONNECTION */;
/*!40101 SET NAMES utf8 */;
/*!40014 SET @OLD_FOREIGN_KEY_CHECKS=@@FOREIGN_KEY_CHECKS, FOREIGN_KEY_CHECKS=0 */;
/*!40101 SET @OLD_SQL_MODE=@@SQL_MODE, SQL_MODE='NO_AUTO_VALUE_ON_ZERO' */;
/*!40111 SET @OLD_SQL_NOTES=@@SQL_NOTES, SQL_NOTES=0 */;


# Dump of table fk_cate
# ------------------------------------------------------------

DROP TABLE IF EXISTS `fk_cate`;

CREATE TABLE `fk_cate` (
  `id` int(10) unsigned NOT NULL AUTO_INCREMENT,
  `name` varchar(255) NOT NULL,
  `pid` int(11) NOT NULL DEFAULT '0',
  `pathname` varchar(255) DEFAULT NULL,
  `options` text,
  PRIMARY KEY (`id`),
  UNIQUE KEY `name` (`name`)
) ENGINE=InnoDB DEFAULT CHARSET=utf8;

LOCK TABLES `fk_cate` WRITE;
/*!40000 ALTER TABLE `fk_cate` DISABLE KEYS */;

INSERT INTO `fk_cate` (`id`, `name`, `pid`, `pathname`, `options`)
VALUES
	(2,'团队介绍',0,'team','{\"cover\":\"/static/upload/20210131/upload_69098672888a3b1ce822ad1eec574713.png\"}'),
	(7,'关于我们',0,'about','{\"cover\":\"/static/upload/20210131/upload_203d1d47342a964644400d2d50535e5d.png\"}'),
	(8,'核心优势',0,'advantage','{\"cover\":\"/static/upload/20210131/upload_939b629c2f6768ad21815339ccee2691.png\"}');

/*!40000 ALTER TABLE `fk_cate` ENABLE KEYS */;
UNLOCK TABLES;


# Dump of table fk_options
# ------------------------------------------------------------

DROP TABLE IF EXISTS `fk_options`;

CREATE TABLE `fk_options` (
  `key` varchar(255) NOT NULL DEFAULT '',
  `value` text,
  `desc` varchar(255) DEFAULT NULL,
  PRIMARY KEY (`key`),
  UNIQUE KEY `key` (`key`)
) ENGINE=InnoDB DEFAULT CHARSET=utf8;

LOCK TABLES `fk_options` WRITE;
/*!40000 ALTER TABLE `fk_options` DISABLE KEYS */;

INSERT INTO `fk_options` (`key`, `value`, `desc`)
VALUES
	('analyze_code','','统计代码，可以添加百度统计、Google 统计等'),
	('auto_summary','0','自动摘要。0 为禁用，具体的数字为摘要截取的字符数'),
	('comment','{\"type\":\"duoshuo\",\"name\":\"welefen2013\"}','评论类型'),
	('defaultCategory','2',NULL),
	('description','A Simple & Fast Node Bloging Platform Base On ThinkJS 2.0 & ReactJS & ES6/7','网站描述'),
	('favicon_url','','favicon'),
	('github_blog','welefen/blog','GitHub blog 地址，如果填了则同步到 GitHub 上'),
	('github_url','https://github.com/75team/thinkjs','GitHub 地址'),
	('image_upload',NULL,'图片存放的位置，默认存在放网站上。也可以选择放在七牛或者又拍云等地方'),
	('keywords','中环国信','网站关键字'),
	('logo_url','/static/upload/20210127/upload_fd5d521d8ff56debe6f65b3aef3d1164.png','logo 地址'),
	('miitbeian','wewww','网站备案号'),
	('navigation','[{\"label\":\"首页\",\"url\":\"/\",\"option\":\"home\",\"key\":\"0\"},{\"label\":\"关于我们\",\"url\":\"/about/\",\"option\":\"about\",\"key\":\"1\"},{\"label\":\"核心优势\",\"url\":\"/advantage/\",\"option\":\"advantage\",\"key\":\"2\"},{\"label\":\"团队介绍\",\"url\":\"/team/\",\"option\":\"team\",\"key\":\"3\"}]','导航菜单'),
	('password_salt','firekylin','密码 salt，网站安装的时候随机生成一个'),
	('postsListSize','10','文章一页显示的条数'),
	('push','0','是否允许推送'),
	('push_sites','','推送网站列表'),
	('site_url','http://localhost:8360','网站地址'),
	('theme','default','主题名称'),
	('title','中环国信','网站标题'),
	('twitter_url','','微博地址'),
	('two_factor_auth','','是否开启二步验证'),
	('upload',NULL,'上传配置，默认为本地，也可以选择七牛或者又拍云'),
	('_r','0.6888458706709009',NULL);

/*!40000 ALTER TABLE `fk_options` ENABLE KEYS */;
UNLOCK TABLES;


# Dump of table fk_post
# ------------------------------------------------------------

DROP TABLE IF EXISTS `fk_post`;

CREATE TABLE `fk_post` (
  `id` int(10) unsigned NOT NULL AUTO_INCREMENT,
  `user_id` int(10) unsigned NOT NULL,
  `type` tinyint(11) NOT NULL DEFAULT '0' COMMENT '0 为文章，1 为页面',
  `status` tinyint(11) NOT NULL DEFAULT '0' COMMENT '0 为草稿，1 为待审核，2 为已拒绝，3 为已经发布',
  `title` varchar(255) NOT NULL,
  `pathname` varchar(255) NOT NULL DEFAULT '' COMMENT 'URL 的 pathname',
  `summary` longtext NOT NULL COMMENT '摘要',
  `markdown_content` longtext NOT NULL,
  `content` longtext CHARACTER SET utf8 COLLATE utf8_bin NOT NULL,
  `allow_comment` tinyint(11) NOT NULL DEFAULT '1' COMMENT '1 为允许， 0 为不允许',
  `create_time` datetime DEFAULT NULL,
  `update_time` datetime NOT NULL,
  `is_public` tinyint(11) NOT NULL DEFAULT '1' COMMENT '1 为公开，0 为不公开',
  `comment_num` int(11) NOT NULL DEFAULT '0',
  `options` text COMMENT '一些选项，JSON 结构',
  PRIMARY KEY (`id`),
  KEY `create_time` (`create_time`)
) ENGINE=InnoDB DEFAULT CHARSET=utf8;

LOCK TABLES `fk_post` WRITE;
/*!40000 ALTER TABLE `fk_post` DISABLE KEYS */;

INSERT INTO `fk_post` (`id`, `user_id`, `type`, `status`, `title`, `pathname`, `summary`, `markdown_content`, `content`, `allow_comment`, `create_time`, `update_time`, `is_public`, `comment_num`, `options`)
VALUES
	(3,1,0,3,'创始人-郭婷婷','test-news1','<p>中环国信创始人、著名投资人、影视出品人、慈善家，在投资领域有着极强的专业性，跻身投资领域十余年，积极拓展政府关系，收获了政府、众多出资人及企业家的信赖，成功投出了三家上市公司。</p>\n','中环国信创始人、著名投资人、影视出品人、慈善家，在投资领域有着极强的专业性，跻身投资领域十余年，积极拓展政府关系，收获了政府、众多出资人及企业家的信赖，成功投出了三家上市公司。\n<!--more-->\n积极投身于公益事业，2015年设立郭婷婷奖学金，个人捐款累积高达3000多万元并于2019年取得3A级资质。',X'3C64697620636C6173733D22746F63223E3C2F6469763E3C703EE4B8ADE78EAFE59BBDE4BFA1E5889BE5A78BE4BABAE38081E89197E5908DE68A95E8B584E4BABAE38081E5BDB1E8A786E587BAE59381E4BABAE38081E68588E59684E5AEB6EFBC8CE59CA8E68A95E8B584E9A286E59F9FE69C89E79D80E69E81E5BCBAE79A84E4B893E4B89AE680A7EFBC8CE8B7BBE8BAABE68A95E8B584E9A286E59F9FE58D81E4BD99E5B9B4EFBC8CE7A7AFE69E81E68B93E5B195E694BFE5BA9CE585B3E7B3BBEFBC8CE694B6E88EB7E4BA86E694BFE5BA9CE38081E4BC97E5A49AE587BAE8B584E4BABAE58F8AE4BC81E4B89AE5AEB6E79A84E4BFA1E8B596EFBC8CE68890E58A9FE68A95E587BAE4BA86E4B889E5AEB6E4B88AE5B882E585ACE58FB8E380823C2F703E0A3C212D2D6D6F72652D2D3E0A3C703EE7A7AFE69E81E68A95E8BAABE4BA8EE585ACE79B8AE4BA8BE4B89AEFBC8C32303135E5B9B4E8AEBEE7AB8BE983ADE5A9B7E5A9B7E5A596E5ADA6E98791EFBC8CE4B8AAE4BABAE68D90E6ACBEE7B4AFE7A7AFE9AB98E8BEBE33303030E5A49AE4B887E58583E5B9B6E4BA8E32303139E5B9B4E58F96E5BE973341E7BAA7E8B584E8B4A8E380823C2F703E0A',1,'2020-12-19 13:11:11','2021-01-31 15:16:25',1,0,'{\"template\":\"\",\"featuredImage\":\"/static/upload/20210131/upload_8f1285ee6750b01b1f28f85748b96001.png\",\"push_sites\":[]}'),
	(6,1,0,3,'关于我们','guan-yu-wo-men','<p>让优秀成为改变世界的力量\n中环国信是一家专注于长期结构性价值投资的投资机构，由业界一批深耕行业的价值投资人联合创立。自成立以来，中环国信已在科技创新、企业服务、先进制造、金融科技、文化旅游、生命健康等领域内进行了多项产业整合和投资布局并持续寻找优秀的初创企业，力求精准抓取中国经济转型发展中涌现的投资机会。</p>\n<p>凭借着专业、多元、数据化的投资决策，中环国信深度挖掘并参与投资数十个优质项目，见证了大众点评、京东金融、京东物流、首汽租车、上海洗霸、西部矿业、太平洋院线、味千拉面、暴走漫画、凯撒旅游等（注：根据需求留存-3个公司名称）不同领域的公司立足行业头部，同时吸引了数十家顶尖的央企资金、地方政府资金、国内民营实业资本、商业银行投行资金的支持，以强大的资金优势、稳健的资产结构和充沛的经营性现金流，深入到各个领域促进产业蓬勃发展。</p>\n<p>“让优秀的企业真正利于自己、利于别人、利于社会。”是郭婷婷女士与创始人吴彦霖先生创立中环国信的初衷。一直以来，我们秉承着正直与善良、专业与进取，保持一个“医者仁心”态度对待世界的文化价值观，在不断的实践中备受海内外资本和创业者的认可。</p>\n<p>一直在努力，力争让优秀成为改变世界的力量！</p>\n','让优秀成为改变世界的力量\n中环国信是一家专注于长期结构性价值投资的投资机构，由业界一批深耕行业的价值投资人联合创立。自成立以来，中环国信已在科技创新、企业服务、先进制造、金融科技、文化旅游、生命健康等领域内进行了多项产业整合和投资布局并持续寻找优秀的初创企业，力求精准抓取中国经济转型发展中涌现的投资机会。\n\n凭借着专业、多元、数据化的投资决策，中环国信深度挖掘并参与投资数十个优质项目，见证了大众点评、京东金融、京东物流、首汽租车、上海洗霸、西部矿业、太平洋院线、味千拉面、暴走漫画、凯撒旅游等（注：根据需求留存-3个公司名称）不同领域的公司立足行业头部，同时吸引了数十家顶尖的央企资金、地方政府资金、国内民营实业资本、商业银行投行资金的支持，以强大的资金优势、稳健的资产结构和充沛的经营性现金流，深入到各个领域促进产业蓬勃发展。\n\n“让优秀的企业真正利于自己、利于别人、利于社会。”是郭婷婷女士与创始人吴彦霖先生创立中环国信的初衷。一直以来，我们秉承着正直与善良、专业与进取，保持一个“医者仁心”态度对待世界的文化价值观，在不断的实践中备受海内外资本和创业者的认可。\n\n一直在努力，力争让优秀成为改变世界的力量！\n',X'3C64697620636C6173733D22746F63223E3C2F6469763E3C703EE8AEA9E4BC98E7A780E68890E4B8BAE694B9E58F98E4B896E7958CE79A84E58A9BE9878F0AE4B8ADE78EAFE59BBDE4BFA1E698AFE4B880E5AEB6E4B893E6B3A8E4BA8EE995BFE69C9FE7BB93E69E84E680A7E4BBB7E580BCE68A95E8B584E79A84E68A95E8B584E69CBAE69E84EFBC8CE794B1E4B89AE7958CE4B880E689B9E6B7B1E88095E8A18CE4B89AE79A84E4BBB7E580BCE68A95E8B584E4BABAE88194E59088E5889BE7AB8BE38082E887AAE68890E7AB8BE4BBA5E69DA5EFBC8CE4B8ADE78EAFE59BBDE4BFA1E5B7B2E59CA8E7A791E68A80E5889BE696B0E38081E4BC81E4B89AE69C8DE58AA1E38081E58588E8BF9BE588B6E980A0E38081E98791E89E8DE7A791E68A80E38081E69687E58C96E69785E6B8B8E38081E7949FE591BDE581A5E5BAB7E7AD89E9A286E59F9FE58685E8BF9BE8A18CE4BA86E5A49AE9A1B9E4BAA7E4B89AE695B4E59088E5928CE68A95E8B584E5B883E5B180E5B9B6E68C81E7BBADE5AFBBE689BEE4BC98E7A780E79A84E5889DE5889BE4BC81E4B89AEFBC8CE58A9BE6B182E7B2BEE58786E68A93E58F96E4B8ADE59BBDE7BB8FE6B58EE8BDACE59E8BE58F91E5B195E4B8ADE6B68CE78EB0E79A84E68A95E8B584E69CBAE4BC9AE380823C2F703E0A3C703EE587ADE5809FE79D80E4B893E4B89AE38081E5A49AE58583E38081E695B0E68DAEE58C96E79A84E68A95E8B584E586B3E7AD96EFBC8CE4B8ADE78EAFE59BBDE4BFA1E6B7B1E5BAA6E68C96E68E98E5B9B6E58F82E4B88EE68A95E8B584E695B0E58D81E4B8AAE4BC98E8B4A8E9A1B9E79BAEEFBC8CE8A781E8AF81E4BA86E5A4A7E4BC97E782B9E8AF84E38081E4BAACE4B89CE98791E89E8DE38081E4BAACE4B89CE789A9E6B581E38081E9A696E6B1BDE7A79FE8BDA6E38081E4B88AE6B5B7E6B497E99CB8E38081E8A5BFE983A8E79FBFE4B89AE38081E5A4AAE5B9B3E6B48BE999A2E7BABFE38081E591B3E58D83E68B89E99DA2E38081E69AB4E8B5B0E6BCABE794BBE38081E587AFE69292E69785E6B8B8E7AD89EFBC88E6B3A8EFBC9AE6A0B9E68DAEE99C80E6B182E79599E5AD982D33E4B8AAE585ACE58FB8E5908DE7A7B0EFBC89E4B88DE5908CE9A286E59F9FE79A84E585ACE58FB8E7AB8BE8B6B3E8A18CE4B89AE5A4B4E983A8EFBC8CE5908CE697B6E590B8E5BC95E4BA86E695B0E58D81E5AEB6E9A1B6E5B096E79A84E5A4AEE4BC81E8B584E98791E38081E59CB0E696B9E694BFE5BA9CE8B584E98791E38081E59BBDE58685E6B091E890A5E5AE9EE4B89AE8B584E69CACE38081E59586E4B89AE993B6E8A18CE68A95E8A18CE8B584E98791E79A84E694AFE68C81EFBC8CE4BBA5E5BCBAE5A4A7E79A84E8B584E98791E4BC98E58ABFE38081E7A8B3E581A5E79A84E8B584E4BAA7E7BB93E69E84E5928CE58585E6B29BE79A84E7BB8FE890A5E680A7E78EB0E98791E6B581EFBC8CE6B7B1E585A5E588B0E59084E4B8AAE9A286E59F9FE4BF83E8BF9BE4BAA7E4B89AE893ACE58B83E58F91E5B195E380823C2F703E0A3C703EE2809CE8AEA9E4BC98E7A780E79A84E4BC81E4B89AE79C9FE6ADA3E588A9E4BA8EE887AAE5B7B1E38081E588A9E4BA8EE588ABE4BABAE38081E588A9E4BA8EE7A4BEE4BC9AE38082E2809DE698AFE983ADE5A9B7E5A9B7E5A5B3E5A3ABE4B88EE5889BE5A78BE4BABAE590B4E5BDA6E99C96E58588E7949FE5889BE7AB8BE4B8ADE78EAFE59BBDE4BFA1E79A84E5889DE8A1B7E38082E4B880E79BB4E4BBA5E69DA5EFBC8CE68891E4BBACE7A789E689BFE79D80E6ADA3E79BB4E4B88EE59684E889AFE38081E4B893E4B89AE4B88EE8BF9BE58F96EFBC8CE4BF9DE68C81E4B880E4B8AAE2809CE58CBBE88085E4BB81E5BF83E2809DE68081E5BAA6E5AFB9E5BE85E4B896E7958CE79A84E69687E58C96E4BBB7E580BCE8A782EFBC8CE59CA8E4B88DE696ADE79A84E5AE9EE8B7B5E4B8ADE5A487E58F97E6B5B7E58685E5A496E8B584E69CACE5928CE5889BE4B89AE88085E79A84E8AEA4E58FAFE380823C2F703E0A3C703EE4B880E79BB4E59CA8E58AAAE58A9BEFBC8CE58A9BE4BA89E8AEA9E4BC98E7A780E68890E4B8BAE694B9E58F98E4B896E7958CE79A84E58A9BE9878FEFBC813C2F703E0A',1,'2021-01-31 11:56:03','2021-01-31 14:04:31',1,0,'{\"template\":\"\",\"featuredImage\":\"/static/upload/20210131/upload_ca7b7087571e1a8cfa544ed059c39f9b.png\",\"push_sites\":[]}'),
	(7,1,0,3,'创始人-吴彦霖','chuang-shi-ren---wu-yan-lin','<p>中环国信创始人、兰星家族基金创始人、中央统战部欧美同学会陕西分会副秘书长，钟南山创新公益基金会理事、易明慈善基金会理事。</p>\n','中环国信创始人、兰星家族基金创始人、中央统战部欧美同学会陕西分会副秘书长，钟南山创新公益基金会理事、易明慈善基金会理事。\n<!--more-->\n早年取得哈佛大学心理学学士学位、加拿大多伦多大学医学硕士学位。曾是巴菲特“奥马哈论坛”全球青年领袖、福布斯30under30中国精英。\n在并购投资领域有着独到的眼光与见解，拥有多个协同投资项目案例，在管理好家族企业基础上，正在通过实践成为一名并购投资界的专家。',X'3C64697620636C6173733D22746F63223E3C2F6469763E3C703EE4B8ADE78EAFE59BBDE4BFA1E5889BE5A78BE4BABAE38081E585B0E6989FE5AEB6E6978FE59FBAE98791E5889BE5A78BE4BABAE38081E4B8ADE5A4AEE7BB9FE68898E983A8E6ACA7E7BE8EE5908CE5ADA6E4BC9AE99995E8A5BFE58886E4BC9AE589AFE7A798E4B9A6E995BFEFBC8CE9929FE58D97E5B1B1E5889BE696B0E585ACE79B8AE59FBAE98791E4BC9AE79086E4BA8BE38081E69893E6988EE68588E59684E59FBAE98791E4BC9AE79086E4BA8BE380823C2F703E0A3C212D2D6D6F72652D2D3E0A3C703EE697A9E5B9B4E58F96E5BE97E59388E4BD9BE5A4A7E5ADA6E5BF83E79086E5ADA6E5ADA6E5A3ABE5ADA6E4BD8DE38081E58AA0E68BBFE5A4A7E5A49AE4BCA6E5A49AE5A4A7E5ADA6E58CBBE5ADA6E7A195E5A3ABE5ADA6E4BD8DE38082E69BBEE698AFE5B7B4E88FB2E789B9E2809CE5A5A5E9A9ACE59388E8AEBAE59D9BE2809DE585A8E79083E99D92E5B9B4E9A286E8A296E38081E7A68FE5B883E696AF3330756E6465723330E4B8ADE59BBDE7B2BEE88BB1E380820AE59CA8E5B9B6E8B4ADE68A95E8B584E9A286E59F9FE69C89E79D80E78BACE588B0E79A84E79CBCE58589E4B88EE8A781E8A7A3EFBC8CE68BA5E69C89E5A49AE4B8AAE58D8FE5908CE68A95E8B584E9A1B9E79BAEE6A188E4BE8BEFBC8CE59CA8E7AEA1E79086E5A5BDE5AEB6E6978FE4BC81E4B89AE59FBAE7A180E4B88AEFBC8CE6ADA3E59CA8E9809AE8BF87E5AE9EE8B7B5E68890E4B8BAE4B880E5908DE5B9B6E8B4ADE68A95E8B584E7958CE79A84E4B893E5AEB6E380823C2F703E0A',1,'2021-01-31 14:36:10','2021-01-31 15:14:26',1,0,'{\"template\":\"\",\"featuredImage\":\"/static/upload/20210131/upload_1e5a79a479fb291ece16bc1e25b81405.png\",\"push_sites\":[]}'),
	(8,1,0,3,'管理合伙人-张馨元','guan-li-he-huo-ren---zhang-xin-yuan','<p>中环国信管理合伙人，曾任拉卡拉影业政府事务及行政运营部副总裁，现任北京易明慈善基金会秘书长。</p>\n','中环国信管理合伙人，曾任拉卡拉影业政府事务及行政运营部副总裁，现任北京易明慈善基金会秘书长。\n<!--more-->\n主要负责公司事务管理、政府关系维护、慈善基金并购以及跨国项目的沟通与协调。曾协助中国两家基金拿到5A级资质，精通英语、德语，在多个国际投资项目中受到外资的肯定，与欧美基金关系交好。',X'3C64697620636C6173733D22746F63223E3C2F6469763E3C703EE4B8ADE78EAFE59BBDE4BFA1E7AEA1E79086E59088E4BC99E4BABAEFBC8CE69BBEE4BBBBE68B89E58DA1E68B89E5BDB1E4B89AE694BFE5BA9CE4BA8BE58AA1E58F8AE8A18CE694BFE8BF90E890A5E983A8E589AFE680BBE8A381EFBC8CE78EB0E4BBBBE58C97E4BAACE69893E6988EE68588E59684E59FBAE98791E4BC9AE7A798E4B9A6E995BFE380823C2F703E0A3C212D2D6D6F72652D2D3E0A3C703EE4B8BBE8A681E8B49FE8B4A3E585ACE58FB8E4BA8BE58AA1E7AEA1E79086E38081E694BFE5BA9CE585B3E7B3BBE7BBB4E68AA4E38081E68588E59684E59FBAE98791E5B9B6E8B4ADE4BBA5E58F8AE8B7A8E59BBDE9A1B9E79BAEE79A84E6B29FE9809AE4B88EE58D8FE8B083E38082E69BBEE58D8FE58AA9E4B8ADE59BBDE4B8A4E5AEB6E59FBAE98791E68BBFE588B03541E7BAA7E8B584E8B4A8EFBC8CE7B2BEE9809AE88BB1E8AFADE38081E5BEB7E8AFADEFBC8CE59CA8E5A49AE4B8AAE59BBDE99985E68A95E8B584E9A1B9E79BAEE4B8ADE58F97E588B0E5A496E8B584E79A84E882AFE5AE9AEFBC8CE4B88EE6ACA7E7BE8EE59FBAE98791E585B3E7B3BBE4BAA4E5A5BDE380823C2F703E0A',1,'2021-01-31 14:37:19','2021-01-31 15:15:51',1,0,'{\"template\":\"\",\"featuredImage\":\"/static/upload/20210131/upload_b5313c4685da70513cb8d5d87e5561ef.png\",\"push_sites\":[]}'),
	(9,1,0,3,'管理合伙人-庞莹','guan-li-he-huo-ren---pang-ying','<p>中环国信管理合伙人、英国伯明翰大学战略营销与咨询理学硕士。</p>\n','中环国信管理合伙人、英国伯明翰大学战略营销与咨询理学硕士。\n<!--more-->\n持有CFA一级证书，拥有过硬的专业能力和敏锐的市场嗅觉，及时根据市场调整投资布局，帮助多家企业不断增加软实力。曾在短时间内为就任公司独立拓展并签约机构客户7家，实现业务规模12亿元。在投后管理，投后监管、提供增值服务、把控基金经营风险等方面都有极强的专业性。',X'3C64697620636C6173733D22746F63223E3C2F6469763E3C703EE4B8ADE78EAFE59BBDE4BFA1E7AEA1E79086E59088E4BC99E4BABAE38081E88BB1E59BBDE4BCAFE6988EE7BFB0E5A4A7E5ADA6E68898E795A5E890A5E99480E4B88EE592A8E8AFA2E79086E5ADA6E7A195E5A3ABE380823C2F703E0A3C212D2D6D6F72652D2D3E0A3C703EE68C81E69C89434641E4B880E7BAA7E8AF81E4B9A6EFBC8CE68BA5E69C89E8BF87E7A1ACE79A84E4B893E4B89AE883BDE58A9BE5928CE6958FE99490E79A84E5B882E59CBAE59785E8A789EFBC8CE58F8AE697B6E6A0B9E68DAEE5B882E59CBAE8B083E695B4E68A95E8B584E5B883E5B180EFBC8CE5B8AEE58AA9E5A49AE5AEB6E4BC81E4B89AE4B88DE696ADE5A29EE58AA0E8BDAFE5AE9EE58A9BE38082E69BBEE59CA8E79FADE697B6E997B4E58685E4B8BAE5B0B1E4BBBBE585ACE58FB8E78BACE7AB8BE68B93E5B195E5B9B6E7ADBEE7BAA6E69CBAE69E84E5AEA2E688B737E5AEB6EFBC8CE5AE9EE78EB0E4B89AE58AA1E8A784E6A8A13132E4BABFE58583E38082E59CA8E68A95E5908EE7AEA1E79086EFBC8CE68A95E5908EE79B91E7AEA1E38081E68F90E4BE9BE5A29EE580BCE69C8DE58AA1E38081E68A8AE68EA7E59FBAE98791E7BB8FE890A5E9A38EE999A9E7AD89E696B9E99DA2E983BDE69C89E69E81E5BCBAE79A84E4B893E4B89AE680A7E380823C2F703E0A',1,'2021-01-31 14:38:32','2021-01-31 15:15:46',1,0,'{\"template\":\"\",\"featuredImage\":\"/static/upload/20210131/upload_591282c38e70158754d07abe7d78795e.png\",\"push_sites\":[]}'),
	(10,1,0,3,'首席财务官-牟颖','shou-xi-cai-wu-guan---mou-ying','<p>中环国信首席财务官、高级会计师、注册税务师CTA、美国注册管理会计师CMA，曾任中国数码信息有限公司华北大区财务负责人、北京时代影响力影视文化有限公司财务负责人。</p>\n','中环国信首席财务官、高级会计师、注册税务师CTA、美国注册管理会计师CMA，曾任中国数码信息有限公司华北大区财务负责人、北京时代影响力影视文化有限公司财务负责人。\n<!--more-->\n具有多年资金管理经验，为众多优秀企业提供了有关投资融资、业务运营、交易模式、并购重组等方面的财税及商务咨询服务。',X'3C64697620636C6173733D22746F63223E3C2F6469763E3C703EE4B8ADE78EAFE59BBDE4BFA1E9A696E5B8ADE8B4A2E58AA1E5AE98E38081E9AB98E7BAA7E4BC9AE8AEA1E5B888E38081E6B3A8E5868CE7A88EE58AA1E5B888435441E38081E7BE8EE59BBDE6B3A8E5868CE7AEA1E79086E4BC9AE8AEA1E5B888434D41EFBC8CE69BBEE4BBBBE4B8ADE59BBDE695B0E7A081E4BFA1E681AFE69C89E99990E585ACE58FB8E58D8EE58C97E5A4A7E58CBAE8B4A2E58AA1E8B49FE8B4A3E4BABAE38081E58C97E4BAACE697B6E4BBA3E5BDB1E5938DE58A9BE5BDB1E8A786E69687E58C96E69C89E99990E585ACE58FB8E8B4A2E58AA1E8B49FE8B4A3E4BABAE380823C2F703E0A3C212D2D6D6F72652D2D3E0A3C703EE585B7E69C89E5A49AE5B9B4E8B584E98791E7AEA1E79086E7BB8FE9AA8CEFBC8CE4B8BAE4BC97E5A49AE4BC98E7A780E4BC81E4B89AE68F90E4BE9BE4BA86E69C89E585B3E68A95E8B584E89E8DE8B584E38081E4B89AE58AA1E8BF90E890A5E38081E4BAA4E69893E6A8A1E5BC8FE38081E5B9B6E8B4ADE9878DE7BB84E7AD89E696B9E99DA2E79A84E8B4A2E7A88EE58F8AE59586E58AA1E592A8E8AFA2E69C8DE58AA1E380823C2F703E0A',1,'2021-01-31 14:39:29','2021-01-31 15:15:41',1,0,'{\"template\":\"\",\"featuredImage\":\"/static/upload/20210131/upload_562c3bae22d356e8fe59a5240e339888.png\",\"push_sites\":[]}');

/*!40000 ALTER TABLE `fk_post` ENABLE KEYS */;
UNLOCK TABLES;


# Dump of table fk_post_cate
# ------------------------------------------------------------

DROP TABLE IF EXISTS `fk_post_cate`;

CREATE TABLE `fk_post_cate` (
  `id` int(11) unsigned NOT NULL AUTO_INCREMENT,
  `post_id` int(11) NOT NULL,
  `cate_id` int(11) NOT NULL,
  PRIMARY KEY (`id`),
  UNIQUE KEY `post_cate` (`post_id`,`cate_id`)
) ENGINE=InnoDB DEFAULT CHARSET=utf8;

LOCK TABLES `fk_post_cate` WRITE;
/*!40000 ALTER TABLE `fk_post_cate` DISABLE KEYS */;

INSERT INTO `fk_post_cate` (`id`, `post_id`, `cate_id`)
VALUES
	(38,3,2),
	(21,6,7),
	(30,7,2),
	(36,8,2),
	(35,9,2),
	(34,10,2);

/*!40000 ALTER TABLE `fk_post_cate` ENABLE KEYS */;
UNLOCK TABLES;


# Dump of table fk_post_history
# ------------------------------------------------------------

DROP TABLE IF EXISTS `fk_post_history`;

CREATE TABLE `fk_post_history` (
  `id` int(11) unsigned NOT NULL AUTO_INCREMENT,
  `post_id` int(11) DEFAULT NULL,
  `markdown_content` text,
  `update_user_id` int(11) DEFAULT NULL COMMENT '更新用户的 ID',
  PRIMARY KEY (`id`)
) ENGINE=InnoDB DEFAULT CHARSET=utf8;



# Dump of table fk_post_tag
# ------------------------------------------------------------

DROP TABLE IF EXISTS `fk_post_tag`;

CREATE TABLE `fk_post_tag` (
  `id` int(11) unsigned NOT NULL AUTO_INCREMENT,
  `post_id` int(11) NOT NULL,
  `tag_id` int(11) NOT NULL,
  PRIMARY KEY (`id`),
  UNIQUE KEY `post_tag` (`post_id`,`tag_id`)
) ENGINE=InnoDB DEFAULT CHARSET=utf8;



# Dump of table fk_tag
# ------------------------------------------------------------

DROP TABLE IF EXISTS `fk_tag`;

CREATE TABLE `fk_tag` (
  `id` int(11) unsigned NOT NULL AUTO_INCREMENT,
  `name` varchar(255) DEFAULT NULL,
  `pathname` varchar(255) DEFAULT NULL,
  PRIMARY KEY (`id`),
  UNIQUE KEY `name` (`name`)
) ENGINE=InnoDB DEFAULT CHARSET=utf8;



# Dump of table fk_user
# ------------------------------------------------------------

DROP TABLE IF EXISTS `fk_user`;

CREATE TABLE `fk_user` (
  `id` int(10) unsigned NOT NULL AUTO_INCREMENT,
  `name` varchar(255) NOT NULL DEFAULT '',
  `display_name` varchar(255) DEFAULT NULL,
  `password` varchar(255) NOT NULL DEFAULT '',
  `type` tinyint(11) NOT NULL DEFAULT '1' COMMENT '1 为管理员  2 为编辑',
  `email` varchar(255) NOT NULL DEFAULT '',
  `status` tinyint(11) NOT NULL DEFAULT '1' COMMENT '1 为有效 2 为禁用',
  `create_time` datetime NOT NULL,
  `create_ip` varchar(20) NOT NULL DEFAULT '',
  `last_login_time` datetime NOT NULL,
  `last_login_ip` varchar(20) NOT NULL DEFAULT '',
  `app_key` varchar(255) DEFAULT NULL,
  `app_secret` varchar(255) DEFAULT NULL,
  PRIMARY KEY (`id`),
  UNIQUE KEY `name` (`name`),
  UNIQUE KEY `email` (`email`)
) ENGINE=InnoDB DEFAULT CHARSET=utf8;

LOCK TABLES `fk_user` WRITE;
/*!40000 ALTER TABLE `fk_user` DISABLE KEYS */;

INSERT INTO `fk_user` (`id`, `name`, `display_name`, `password`, `type`, `email`, `status`, `create_time`, `create_ip`, `last_login_time`, `last_login_ip`, `app_key`, `app_secret`)
VALUES
	(1,'admin',NULL,'$2a$08$z8zV2mxHI8ziA/vSIBt.ZO6hIFFELNi9JpzxMYi.bt28til3eQH9S',1,'zhangdi525@163.com',1,'2020-12-15 11:45:03','','2020-12-15 18:33:27','',NULL,NULL);

/*!40000 ALTER TABLE `fk_user` ENABLE KEYS */;
UNLOCK TABLES;



/*!40111 SET SQL_NOTES=@OLD_SQL_NOTES */;
/*!40101 SET SQL_MODE=@OLD_SQL_MODE */;
/*!40014 SET FOREIGN_KEY_CHECKS=@OLD_FOREIGN_KEY_CHECKS */;
/*!40101 SET CHARACTER_SET_CLIENT=@OLD_CHARACTER_SET_CLIENT */;
/*!40101 SET CHARACTER_SET_RESULTS=@OLD_CHARACTER_SET_RESULTS */;
/*!40101 SET COLLATION_CONNECTION=@OLD_COLLATION_CONNECTION */;
